<?xml version="1.0" encoding="UTF-8"?>
<?xml-stylesheet type="text/xsl" href="listaLibros.xsl"?>
<libreria>
    <libro>
        <titulo>Physics-based animation</titulo>
        <autor>Kenny Erleben</autor>
        <editor>Charles River Media</editor>
        <isbn>978-1584503804</isbn>
        <precio>50.06</precio>
        <numPaginas>200</numPaginas>
    </libro>
    <libro>
        <titulo>Principios de seguridad informática para usuarios</titulo>
        <autor>Carlos Garre</autor>
        <editor>Dykinson</editor>
        <isbn>978-84-9849-998-8</isbn>
        <precio>13.00</precio>
        <numPaginas>220</numPaginas>
    </libro>
    <libro>
        <titulo>Ejercicios complementarios de lógica digital</titulo>
        <autor>Alberto Sánchez</autor>
        <editor>Dykinson</editor>
        <isbn>978-84-9849-703-8</isbn>
        <precio>12.00</precio>
        <numPaginas>180</numPaginas>
    </libro>
    <libro>
        <titulo>El Principito</titulo>
        <autor>Antoine de Saint-Exupéry</autor>
        <editor>Random House</editor>
        <isbn>978-84-270-3043-7</isbn>
        <precio>8.99</precio>
        <numPaginas>256</numPaginas>
    </libro>
    <libro>
        <titulo>Cien años de soledad</titulo>
        <autor>Gabriel García Márquez</autor>
        <editor>Círculo de Lectores</editor>
        <isbn>978-84-672-3748-7</isbn>
        <precio>11.99</precio>
        <numPaginas>417</numPaginas>
    </libro>
    <libro>
        <titulo>El Hobbit</titulo>
        <autor>J.R.R. Tolkien</autor>
        <editor>Minotauro</editor>
        <isbn>978-84-450-7437-3</isbn>
        <precio>7.50</precio>
        <numPaginas>328</numPaginas>
    </libro>
</libreria>
