<?xml version="1.0" encoding="UTF-8"?>
<?xml-stylesheet type="text/xsl" href="listaLibros.xsl"?>
<libreria>
    <libro>
        <titulo>Physics-based animation</titulo>
        <autor>Kenny Erleben</autor>
        <editor>Charles River Media</editor>
        <isbn>978-1584503804</isbn>
        <precio>50.06</precio>
        <numPaginas>200</numPaginas>
    </libro>
    <libro>
        <titulo>Principios de seguridad informática para usuarios</titulo>
        <autor>Carlos Garre</autor>
        <editor>Dykinson</editor>
        <isbn>978-84-9849-998-8</isbn>
        <precio>13.00</precio>
        <numPaginas>220</numPaginas>
    </libro>
    <libro>
        <titulo>Ejercicios complementarios de lógica digital</titulo>
        <autor>Alberto Sánchez</autor>
        <editor>Dykinson</editor>
        <isbn>978-84-9849-703-8</isbn>
        <precio>12.00</precio>
        <numPaginas>180</numPaginas>
    </libro>
</libreria>
